website_url,index
"https://scholar.google.com.sg/scholar?start=0&q=""""factorial+survey""""&hl=en&as_sdt=0,5&as_ylo=1990&as_yhi=1990""
",1
"https://scholar.google.com.sg/scholar?start=0&q=""""factorial+survey""""&hl=en&as_sdt=0,5&as_ylo=1990&as_yhi=1990""
",2
"https://scholar.google.com.sg/scholar?start=0&q=""""factorial+survey""""&hl=en&as_sdt=0,5&as_ylo=1990&as_yhi=1990""
",3
"https://scholar.google.com.sg/scholar?start=0&q=""""factorial+survey""""&hl=en&as_sdt=0,5&as_ylo=1990&as_yhi=1990""
",4
"https://scholar.google.com.sg/scholar?start=0&q=""""factorial+survey""""&hl=en&as_sdt=0,5&as_ylo=1990&as_yhi=1990""
",5
"https://scholar.google.com.sg/scholar?start=0&q=""""factorial+survey""""&hl=en&as_sdt=0,5&as_ylo=1990&as_yhi=1990""
",6
"https://scholar.google.com.sg/scholar?start=0&q=""""factorial+survey""""&hl=en&as_sdt=0,5&as_ylo=1990&as_yhi=1990""
",7
"https://scholar.google.com.sg/scholar?start=0&q=""""factorial+survey""""&hl=en&as_sdt=0,5&as_ylo=1990&as_yhi=1990""
",8
"https://scholar.google.com.sg/scholar?start=0&q=""""factorial+survey""""&hl=en&as_sdt=0,5&as_ylo=1990&as_yhi=1990""
",9
"https://scholar.google.com.sg/scholar?start=0&q=""""factorial+survey""""&hl=en&as_sdt=0,5&as_ylo=1990&as_yhi=1990""
",10
"https://scholar.google.com.sg/scholar?start=10&q=""""factorial+survey""""&hl=en&as_sdt=0,5&as_ylo=1990&as_yhi=1990""
",1
"https://scholar.google.com.sg/scholar?start=10&q=""""factorial+survey""""&hl=en&as_sdt=0,5&as_ylo=1990&as_yhi=1990""
",2
"https://scholar.google.com.sg/scholar?start=10&q=""""factorial+survey""""&hl=en&as_sdt=0,5&as_ylo=1990&as_yhi=1990""
",3
"https://scholar.google.com.sg/scholar?start=10&q=""""factorial+survey""""&hl=en&as_sdt=0,5&as_ylo=1990&as_yhi=1990""
",4
"https://scholar.google.com.sg/scholar?start=10&q=""""factorial+survey""""&hl=en&as_sdt=0,5&as_ylo=1990&as_yhi=1990""
",5
"https://scholar.google.com.sg/scholar?start=10&q=""""factorial+survey""""&hl=en&as_sdt=0,5&as_ylo=1990&as_yhi=1990""
",6
"https://scholar.google.com.sg/scholar?start=10&q=""""factorial+survey""""&hl=en&as_sdt=0,5&as_ylo=1990&as_yhi=1990""
",7
"https://scholar.google.com.sg/scholar?start=10&q=""""factorial+survey""""&hl=en&as_sdt=0,5&as_ylo=1990&as_yhi=1990""
",8
"https://scholar.google.com.sg/scholar?start=10&q=""""factorial+survey""""&hl=en&as_sdt=0,5&as_ylo=1990&as_yhi=1990""
",9
"https://scholar.google.com.sg/scholar?start=10&q=""""factorial+survey""""&hl=en&as_sdt=0,5&as_ylo=1990&as_yhi=1990""
",10
"https://scholar.google.com.sg/scholar?start=20&q=""""factorial+survey""""&hl=en&as_sdt=0,5&as_ylo=1990&as_yhi=1990""
",1
"https://scholar.google.com.sg/scholar?start=20&q=""""factorial+survey""""&hl=en&as_sdt=0,5&as_ylo=1990&as_yhi=1990""
",2
"https://scholar.google.com.sg/scholar?start=20&q=""""factorial+survey""""&hl=en&as_sdt=0,5&as_ylo=1990&as_yhi=1990""
",3
"https://scholar.google.com.sg/scholar?start=20&q=""""factorial+survey""""&hl=en&as_sdt=0,5&as_ylo=1990&as_yhi=1990""
",4
"https://scholar.google.com.sg/scholar?start=20&q=""""factorial+survey""""&hl=en&as_sdt=0,5&as_ylo=1990&as_yhi=1990""
",5
"https://scholar.google.com.sg/scholar?start=20&q=""""factorial+survey""""&hl=en&as_sdt=0,5&as_ylo=1990&as_yhi=1990""
",6
"https://scholar.google.com.sg/scholar?start=20&q=""""factorial+survey""""&hl=en&as_sdt=0,5&as_ylo=1990&as_yhi=1990""
",7
"https://scholar.google.com.sg/scholar?start=20&q=""""factorial+survey""""&hl=en&as_sdt=0,5&as_ylo=1990&as_yhi=1990""
",8
"https://scholar.google.com.sg/scholar?q=""""factorial+survey""""&hl=en&as_sdt=0%2C5&as_ylo=1991&as_yhi=1991""
",1
"https://scholar.google.com.sg/scholar?q=""""factorial+survey""""&hl=en&as_sdt=0%2C5&as_ylo=1991&as_yhi=1991""
",2
"https://scholar.google.com.sg/scholar?q=""""factorial+survey""""&hl=en&as_sdt=0%2C5&as_ylo=1991&as_yhi=1991""
",3
"https://scholar.google.com.sg/scholar?q=""""factorial+survey""""&hl=en&as_sdt=0%2C5&as_ylo=1991&as_yhi=1991""
",4
"https://scholar.google.com.sg/scholar?q=""""factorial+survey""""&hl=en&as_sdt=0%2C5&as_ylo=1991&as_yhi=1991""
",5
"https://scholar.google.com.sg/scholar?q=""""factorial+survey""""&hl=en&as_sdt=0%2C5&as_ylo=1991&as_yhi=1991""
",6
"https://scholar.google.com.sg/scholar?q=""""factorial+survey""""&hl=en&as_sdt=0%2C5&as_ylo=1991&as_yhi=1991""
",7
"https://scholar.google.com.sg/scholar?q=""""factorial+survey""""&hl=en&as_sdt=0%2C5&as_ylo=1991&as_yhi=1991""
",8
"https://scholar.google.com.sg/scholar?q=""""factorial+survey""""&hl=en&as_sdt=0%2C5&as_ylo=1991&as_yhi=1991""
",9
"https://scholar.google.com.sg/scholar?q=""""factorial+survey""""&hl=en&as_sdt=0%2C5&as_ylo=1991&as_yhi=1991""
",10
"https://scholar.google.com.sg/scholar?start=10&q=""""factorial+survey""""&hl=en&as_sdt=0,5&as_ylo=1991&as_yhi=1991""
",1
"https://scholar.google.com.sg/scholar?start=10&q=""""factorial+survey""""&hl=en&as_sdt=0,5&as_ylo=1991&as_yhi=1991""
",2
"https://scholar.google.com.sg/scholar?start=10&q=""""factorial+survey""""&hl=en&as_sdt=0,5&as_ylo=1991&as_yhi=1991""
",3
"https://scholar.google.com.sg/scholar?start=10&q=""""factorial+survey""""&hl=en&as_sdt=0,5&as_ylo=1991&as_yhi=1991""
",4
"https://scholar.google.com.sg/scholar?start=10&q=""""factorial+survey""""&hl=en&as_sdt=0,5&as_ylo=1991&as_yhi=1991""
",5
"https://scholar.google.com.sg/scholar?start=10&q=""""factorial+survey""""&hl=en&as_sdt=0,5&as_ylo=1991&as_yhi=1991""
",6
"https://scholar.google.com.sg/scholar?start=10&q=""""factorial+survey""""&hl=en&as_sdt=0,5&as_ylo=1991&as_yhi=1991""
",7
"https://scholar.google.com.sg/scholar?start=10&q=""""factorial+survey""""&hl=en&as_sdt=0,5&as_ylo=1991&as_yhi=1991""
",8
"https://scholar.google.com.sg/scholar?start=10&q=""""factorial+survey""""&hl=en&as_sdt=0,5&as_ylo=1991&as_yhi=1991""
",9
"https://scholar.google.com.sg/scholar?start=10&q=""""factorial+survey""""&hl=en&as_sdt=0,5&as_ylo=1991&as_yhi=1991""
",10
"https://scholar.google.com.sg/scholar?start=20&q=""""factorial+survey""""&hl=en&as_sdt=0,5&as_ylo=1991&as_yhi=1991""
",1
"https://scholar.google.com.sg/scholar?start=20&q=""""factorial+survey""""&hl=en&as_sdt=0,5&as_ylo=1991&as_yhi=1991""
",2
"https://scholar.google.com.sg/scholar?start=20&q=""""factorial+survey""""&hl=en&as_sdt=0,5&as_ylo=1991&as_yhi=1991""
",3
"https://scholar.google.com.sg/scholar?start=20&q=""""factorial+survey""""&hl=en&as_sdt=0,5&as_ylo=1991&as_yhi=1991""
",4
"https://scholar.google.com.sg/scholar?start=20&q=""""factorial+survey""""&hl=en&as_sdt=0,5&as_ylo=1991&as_yhi=1991""
",5
"https://scholar.google.com.sg/scholar?start=20&q=""""factorial+survey""""&hl=en&as_sdt=0,5&as_ylo=1991&as_yhi=1991""
",6
"https://scholar.google.com.sg/scholar?start=20&q=""""factorial+survey""""&hl=en&as_sdt=0,5&as_ylo=1991&as_yhi=1991""
",7
"https://scholar.google.com.sg/scholar?start=20&q=""""factorial+survey""""&hl=en&as_sdt=0,5&as_ylo=1991&as_yhi=1991""
",8
"https://scholar.google.com.sg/scholar?start=20&q=""""factorial+survey""""&hl=en&as_sdt=0,5&as_ylo=1991&as_yhi=1991""
",9
"https://scholar.google.com.sg/scholar?start=20&q=""""factorial+survey""""&hl=en&as_sdt=0,5&as_ylo=1991&as_yhi=1991""
",10
"https://scholar.google.com.sg/scholar?start=30&q=""""factorial+survey""""&hl=en&as_sdt=0,5&as_ylo=1991&as_yhi=1991""
",1
"https://scholar.google.com.sg/scholar?start=30&q=""""factorial+survey""""&hl=en&as_sdt=0,5&as_ylo=1991&as_yhi=1991""
",2
"https://scholar.google.com.sg/scholar?start=30&q=""""factorial+survey""""&hl=en&as_sdt=0,5&as_ylo=1991&as_yhi=1991""
",3
"https://scholar.google.com.sg/scholar?start=30&q=""""factorial+survey""""&hl=en&as_sdt=0,5&as_ylo=1991&as_yhi=1991""
",4
"https://scholar.google.com.sg/scholar?start=30&q=""""factorial+survey""""&hl=en&as_sdt=0,5&as_ylo=1991&as_yhi=1991""
",5
"https://scholar.google.com.sg/scholar?start=30&q=""""factorial+survey""""&hl=en&as_sdt=0,5&as_ylo=1991&as_yhi=1991""
",6
"https://scholar.google.com.sg/scholar?start=30&q=""""factorial+survey""""&hl=en&as_sdt=0,5&as_ylo=1991&as_yhi=1991""
",7
"https://scholar.google.com.sg/scholar?start=30&q=""""factorial+survey""""&hl=en&as_sdt=0,5&as_ylo=1991&as_yhi=1991""
",8
"https://scholar.google.com.sg/scholar?start=30&q=""""factorial+survey""""&hl=en&as_sdt=0,5&as_ylo=1991&as_yhi=1991""
",9
"https://scholar.google.com.sg/scholar?start=30&q=""""factorial+survey""""&hl=en&as_sdt=0,5&as_ylo=1991&as_yhi=1991""
",10
"https://scholar.google.com.sg/scholar?q=""""factorial+survey""""&hl=en&as_sdt=0%2C5&as_ylo=1992&as_yhi=1992""
",1
"https://scholar.google.com.sg/scholar?q=""""factorial+survey""""&hl=en&as_sdt=0%2C5&as_ylo=1992&as_yhi=1992""
",2
"https://scholar.google.com.sg/scholar?q=""""factorial+survey""""&hl=en&as_sdt=0%2C5&as_ylo=1992&as_yhi=1992""
",3
"https://scholar.google.com.sg/scholar?q=""""factorial+survey""""&hl=en&as_sdt=0%2C5&as_ylo=1992&as_yhi=1992""
",4
"https://scholar.google.com.sg/scholar?q=""""factorial+survey""""&hl=en&as_sdt=0%2C5&as_ylo=1992&as_yhi=1992""
",5
"https://scholar.google.com.sg/scholar?q=""""factorial+survey""""&hl=en&as_sdt=0%2C5&as_ylo=1992&as_yhi=1992""
",6
"https://scholar.google.com.sg/scholar?q=""""factorial+survey""""&hl=en&as_sdt=0%2C5&as_ylo=1992&as_yhi=1992""
",7
"https://scholar.google.com.sg/scholar?q=""""factorial+survey""""&hl=en&as_sdt=0%2C5&as_ylo=1992&as_yhi=1992""
",8
"https://scholar.google.com.sg/scholar?q=""""factorial+survey""""&hl=en&as_sdt=0%2C5&as_ylo=1992&as_yhi=1992""
",9
"https://scholar.google.com.sg/scholar?q=""""factorial+survey""""&hl=en&as_sdt=0%2C5&as_ylo=1992&as_yhi=1992""
",10
"https://scholar.google.com.sg/scholar?start=10&q=""""factorial+survey""""&hl=en&as_sdt=0,5&as_ylo=1992&as_yhi=1992""
",1
"https://scholar.google.com.sg/scholar?start=10&q=""""factorial+survey""""&hl=en&as_sdt=0,5&as_ylo=1992&as_yhi=1992""
",2
"https://scholar.google.com.sg/scholar?start=10&q=""""factorial+survey""""&hl=en&as_sdt=0,5&as_ylo=1992&as_yhi=1992""
",3
"https://scholar.google.com.sg/scholar?start=10&q=""""factorial+survey""""&hl=en&as_sdt=0,5&as_ylo=1992&as_yhi=1992""
",4
"https://scholar.google.com.sg/scholar?start=10&q=""""factorial+survey""""&hl=en&as_sdt=0,5&as_ylo=1992&as_yhi=1992""
",5
"https://scholar.google.com.sg/scholar?start=10&q=""""factorial+survey""""&hl=en&as_sdt=0,5&as_ylo=1992&as_yhi=1992""
",6
"https://scholar.google.com.sg/scholar?start=10&q=""""factorial+survey""""&hl=en&as_sdt=0,5&as_ylo=1992&as_yhi=1992""
",7
"https://scholar.google.com.sg/scholar?start=10&q=""""factorial+survey""""&hl=en&as_sdt=0,5&as_ylo=1992&as_yhi=1992""
",8
"https://scholar.google.com.sg/scholar?start=10&q=""""factorial+survey""""&hl=en&as_sdt=0,5&as_ylo=1992&as_yhi=1992""
",9
"https://scholar.google.com.sg/scholar?start=10&q=""""factorial+survey""""&hl=en&as_sdt=0,5&as_ylo=1992&as_yhi=1992""
",10
"https://scholar.google.com.sg/scholar?start=20&q=""""factorial+survey""""&hl=en&as_sdt=0,5&as_ylo=1992&as_yhi=1992""
",1
"https://scholar.google.com.sg/scholar?start=20&q=""""factorial+survey""""&hl=en&as_sdt=0,5&as_ylo=1992&as_yhi=1992""
",2
"https://scholar.google.com.sg/scholar?start=20&q=""""factorial+survey""""&hl=en&as_sdt=0,5&as_ylo=1992&as_yhi=1992""
",3
"https://scholar.google.com.sg/scholar?start=20&q=""""factorial+survey""""&hl=en&as_sdt=0,5&as_ylo=1992&as_yhi=1992""
",4
"https://scholar.google.com.sg/scholar?start=20&q=""""factorial+survey""""&hl=en&as_sdt=0,5&as_ylo=1992&as_yhi=1992""
",5
"https://scholar.google.com.sg/scholar?start=20&q=""""factorial+survey""""&hl=en&as_sdt=0,5&as_ylo=1992&as_yhi=1992""
",6
"https://scholar.google.com.sg/scholar?start=20&q=""""factorial+survey""""&hl=en&as_sdt=0,5&as_ylo=1992&as_yhi=1992""
",7
"https://scholar.google.com.sg/scholar?start=20&q=""""factorial+survey""""&hl=en&as_sdt=0,5&as_ylo=1992&as_yhi=1992""
",8
"https://scholar.google.com.sg/scholar?start=20&q=""""factorial+survey""""&hl=en&as_sdt=0,5&as_ylo=1992&as_yhi=1992""
",9
"https://scholar.google.com.sg/scholar?start=20&q=""""factorial+survey""""&hl=en&as_sdt=0,5&as_ylo=1992&as_yhi=1992""
",10
"https://scholar.google.com.sg/scholar?start=30&q=""""factorial+survey""""&hl=en&as_sdt=0,5&as_ylo=1992&as_yhi=1992""
",1
"https://scholar.google.com.sg/scholar?q=""""factorial+survey""""&hl=en&as_sdt=0%2C5&as_ylo=1993&as_yhi=1993""
",1
"https://scholar.google.com.sg/scholar?q=""""factorial+survey""""&hl=en&as_sdt=0%2C5&as_ylo=1993&as_yhi=1993""
",2
"https://scholar.google.com.sg/scholar?q=""""factorial+survey""""&hl=en&as_sdt=0%2C5&as_ylo=1993&as_yhi=1993""
",3
"https://scholar.google.com.sg/scholar?q=""""factorial+survey""""&hl=en&as_sdt=0%2C5&as_ylo=1993&as_yhi=1993""
",4
"https://scholar.google.com.sg/scholar?q=""""factorial+survey""""&hl=en&as_sdt=0%2C5&as_ylo=1993&as_yhi=1993""
",5
"https://scholar.google.com.sg/scholar?q=""""factorial+survey""""&hl=en&as_sdt=0%2C5&as_ylo=1993&as_yhi=1993""
",6
"https://scholar.google.com.sg/scholar?q=""""factorial+survey""""&hl=en&as_sdt=0%2C5&as_ylo=1993&as_yhi=1993""
",7
"https://scholar.google.com.sg/scholar?q=""""factorial+survey""""&hl=en&as_sdt=0%2C5&as_ylo=1993&as_yhi=1993""
",8
"https://scholar.google.com.sg/scholar?q=""""factorial+survey""""&hl=en&as_sdt=0%2C5&as_ylo=1993&as_yhi=1993""
",9
"https://scholar.google.com.sg/scholar?q=""""factorial+survey""""&hl=en&as_sdt=0%2C5&as_ylo=1993&as_yhi=1993""
",10
"https://scholar.google.com.sg/scholar?start=10&q=""""factorial+survey""""&hl=en&as_sdt=0,5&as_ylo=1993&as_yhi=1993""
",1
"https://scholar.google.com.sg/scholar?start=10&q=""""factorial+survey""""&hl=en&as_sdt=0,5&as_ylo=1993&as_yhi=1993""
",2
"https://scholar.google.com.sg/scholar?start=10&q=""""factorial+survey""""&hl=en&as_sdt=0,5&as_ylo=1993&as_yhi=1993""
",3
"https://scholar.google.com.sg/scholar?start=10&q=""""factorial+survey""""&hl=en&as_sdt=0,5&as_ylo=1993&as_yhi=1993""
",4
"https://scholar.google.com.sg/scholar?start=10&q=""""factorial+survey""""&hl=en&as_sdt=0,5&as_ylo=1993&as_yhi=1993""
",5
"https://scholar.google.com.sg/scholar?start=10&q=""""factorial+survey""""&hl=en&as_sdt=0,5&as_ylo=1993&as_yhi=1993""
",6
"https://scholar.google.com.sg/scholar?start=10&q=""""factorial+survey""""&hl=en&as_sdt=0,5&as_ylo=1993&as_yhi=1993""
",7
"https://scholar.google.com.sg/scholar?start=10&q=""""factorial+survey""""&hl=en&as_sdt=0,5&as_ylo=1993&as_yhi=1993""
",8
"https://scholar.google.com.sg/scholar?start=10&q=""""factorial+survey""""&hl=en&as_sdt=0,5&as_ylo=1993&as_yhi=1993""
",9
"https://scholar.google.com.sg/scholar?start=10&q=""""factorial+survey""""&hl=en&as_sdt=0,5&as_ylo=1993&as_yhi=1993""
",10
"https://scholar.google.com.sg/scholar?start=20&q=""""factorial+survey""""&hl=en&as_sdt=0,5&as_ylo=1993&as_yhi=1993""
",1
"https://scholar.google.com.sg/scholar?start=20&q=""""factorial+survey""""&hl=en&as_sdt=0,5&as_ylo=1993&as_yhi=1993""
",2
"https://scholar.google.com.sg/scholar?start=20&q=""""factorial+survey""""&hl=en&as_sdt=0,5&as_ylo=1993&as_yhi=1993""
",3
"https://scholar.google.com.sg/scholar?start=20&q=""""factorial+survey""""&hl=en&as_sdt=0,5&as_ylo=1993&as_yhi=1993""
",4
"https://scholar.google.com.sg/scholar?start=20&q=""""factorial+survey""""&hl=en&as_sdt=0,5&as_ylo=1993&as_yhi=1993""
",5
"https://scholar.google.com.sg/scholar?start=20&q=""""factorial+survey""""&hl=en&as_sdt=0,5&as_ylo=1993&as_yhi=1993""
",6
"https://scholar.google.com.sg/scholar?start=20&q=""""factorial+survey""""&hl=en&as_sdt=0,5&as_ylo=1993&as_yhi=1993""
",7
"https://scholar.google.com.sg/scholar?start=20&q=""""factorial+survey""""&hl=en&as_sdt=0,5&as_ylo=1993&as_yhi=1993""
",8
"https://scholar.google.com.sg/scholar?start=20&q=""""factorial+survey""""&hl=en&as_sdt=0,5&as_ylo=1993&as_yhi=1993""
",9
"https://scholar.google.com.sg/scholar?start=20&q=""""factorial+survey""""&hl=en&as_sdt=0,5&as_ylo=1993&as_yhi=1993""
",10
"https://scholar.google.com.sg/scholar?start=30&q=""""factorial+survey""""&hl=en&as_sdt=0,5&as_ylo=1993&as_yhi=1993""
",1
"https://scholar.google.com.sg/scholar?start=30&q=""""factorial+survey""""&hl=en&as_sdt=0,5&as_ylo=1993&as_yhi=1993""
",2
"https://scholar.google.com.sg/scholar?start=30&q=""""factorial+survey""""&hl=en&as_sdt=0,5&as_ylo=1993&as_yhi=1993""
",3
"https://scholar.google.com.sg/scholar?start=30&q=""""factorial+survey""""&hl=en&as_sdt=0,5&as_ylo=1993&as_yhi=1993""
",4
"https://scholar.google.com.sg/scholar?start=30&q=""""factorial+survey""""&hl=en&as_sdt=0,5&as_ylo=1993&as_yhi=1993""
",5
"https://scholar.google.com.sg/scholar?start=30&q=""""factorial+survey""""&hl=en&as_sdt=0,5&as_ylo=1993&as_yhi=1993""
",6
"https://scholar.google.com.sg/scholar?start=30&q=""""factorial+survey""""&hl=en&as_sdt=0,5&as_ylo=1993&as_yhi=1993""
",7
"https://scholar.google.com.sg/scholar?start=30&q=""""factorial+survey""""&hl=en&as_sdt=0,5&as_ylo=1993&as_yhi=1993""
",8
"https://scholar.google.com.sg/scholar?start=30&q=""""factorial+survey""""&hl=en&as_sdt=0,5&as_ylo=1993&as_yhi=1993""
",9
"https://scholar.google.com.sg/scholar?start=30&q=""""factorial+survey""""&hl=en&as_sdt=0,5&as_ylo=1993&as_yhi=1993""
",10
"https://scholar.google.com.sg/scholar?start=40&q=""""factorial+survey""""&hl=en&as_sdt=0,5&as_ylo=1993&as_yhi=1993""
",1
"https://scholar.google.com.sg/scholar?q=""""factorial+survey""""&hl=en&as_sdt=0%2C5&as_ylo=1994&as_yhi=1994""
",1
"https://scholar.google.com.sg/scholar?q=""""factorial+survey""""&hl=en&as_sdt=0%2C5&as_ylo=1994&as_yhi=1994""
",2
"https://scholar.google.com.sg/scholar?q=""""factorial+survey""""&hl=en&as_sdt=0%2C5&as_ylo=1994&as_yhi=1994""
",3
"https://scholar.google.com.sg/scholar?q=""""factorial+survey""""&hl=en&as_sdt=0%2C5&as_ylo=1994&as_yhi=1994""
",4
"https://scholar.google.com.sg/scholar?q=""""factorial+survey""""&hl=en&as_sdt=0%2C5&as_ylo=1994&as_yhi=1994""
",5
"https://scholar.google.com.sg/scholar?q=""""factorial+survey""""&hl=en&as_sdt=0%2C5&as_ylo=1994&as_yhi=1994""
",6
"https://scholar.google.com.sg/scholar?q=""""factorial+survey""""&hl=en&as_sdt=0%2C5&as_ylo=1994&as_yhi=1994""
",7
"https://scholar.google.com.sg/scholar?q=""""factorial+survey""""&hl=en&as_sdt=0%2C5&as_ylo=1994&as_yhi=1994""
",8
"https://scholar.google.com.sg/scholar?q=""""factorial+survey""""&hl=en&as_sdt=0%2C5&as_ylo=1994&as_yhi=1994""
",9
"https://scholar.google.com.sg/scholar?q=""""factorial+survey""""&hl=en&as_sdt=0%2C5&as_ylo=1994&as_yhi=1994""
",10
"https://scholar.google.com.sg/scholar?start=10&q=""""factorial+survey""""&hl=en&as_sdt=0,5&as_ylo=1994&as_yhi=1994""
",1
"https://scholar.google.com.sg/scholar?start=10&q=""""factorial+survey""""&hl=en&as_sdt=0,5&as_ylo=1994&as_yhi=1994""
",2
"https://scholar.google.com.sg/scholar?start=10&q=""""factorial+survey""""&hl=en&as_sdt=0,5&as_ylo=1994&as_yhi=1994""
",3
"https://scholar.google.com.sg/scholar?start=10&q=""""factorial+survey""""&hl=en&as_sdt=0,5&as_ylo=1994&as_yhi=1994""
",4
"https://scholar.google.com.sg/scholar?start=10&q=""""factorial+survey""""&hl=en&as_sdt=0,5&as_ylo=1994&as_yhi=1994""
",5
"https://scholar.google.com.sg/scholar?start=10&q=""""factorial+survey""""&hl=en&as_sdt=0,5&as_ylo=1994&as_yhi=1994""
",6
"https://scholar.google.com.sg/scholar?start=10&q=""""factorial+survey""""&hl=en&as_sdt=0,5&as_ylo=1994&as_yhi=1994""
",7
"https://scholar.google.com.sg/scholar?start=10&q=""""factorial+survey""""&hl=en&as_sdt=0,5&as_ylo=1994&as_yhi=1994""
",8
"https://scholar.google.com.sg/scholar?start=10&q=""""factorial+survey""""&hl=en&as_sdt=0,5&as_ylo=1994&as_yhi=1994""
",9
"https://scholar.google.com.sg/scholar?start=10&q=""""factorial+survey""""&hl=en&as_sdt=0,5&as_ylo=1994&as_yhi=1994""
",10
"https://scholar.google.com.sg/scholar?start=20&q=""""factorial+survey""""&hl=en&as_sdt=0,5&as_ylo=1994&as_yhi=1994""
",1
"https://scholar.google.com.sg/scholar?start=20&q=""""factorial+survey""""&hl=en&as_sdt=0,5&as_ylo=1994&as_yhi=1994""
",2
"https://scholar.google.com.sg/scholar?start=20&q=""""factorial+survey""""&hl=en&as_sdt=0,5&as_ylo=1994&as_yhi=1994""
",3
"https://scholar.google.com.sg/scholar?start=20&q=""""factorial+survey""""&hl=en&as_sdt=0,5&as_ylo=1994&as_yhi=1994""
",4
"https://scholar.google.com.sg/scholar?start=20&q=""""factorial+survey""""&hl=en&as_sdt=0,5&as_ylo=1994&as_yhi=1994""
",5
"https://scholar.google.com.sg/scholar?start=20&q=""""factorial+survey""""&hl=en&as_sdt=0,5&as_ylo=1994&as_yhi=1994""
",6
"https://scholar.google.com.sg/scholar?start=20&q=""""factorial+survey""""&hl=en&as_sdt=0,5&as_ylo=1994&as_yhi=1994""
",7
"https://scholar.google.com.sg/scholar?start=20&q=""""factorial+survey""""&hl=en&as_sdt=0,5&as_ylo=1994&as_yhi=1994""
",8
"https://scholar.google.com.sg/scholar?start=20&q=""""factorial+survey""""&hl=en&as_sdt=0,5&as_ylo=1994&as_yhi=1994""
",9
"https://scholar.google.com.sg/scholar?start=20&q=""""factorial+survey""""&hl=en&as_sdt=0,5&as_ylo=1994&as_yhi=1994""
",10
"https://scholar.google.com.sg/scholar?start=30&q=""""factorial+survey""""&hl=en&as_sdt=0,5&as_ylo=1994&as_yhi=1994""
",1
"https://scholar.google.com.sg/scholar?start=30&q=""""factorial+survey""""&hl=en&as_sdt=0,5&as_ylo=1994&as_yhi=1994""
",2
"https://scholar.google.com.sg/scholar?start=30&q=""""factorial+survey""""&hl=en&as_sdt=0,5&as_ylo=1994&as_yhi=1994""
",3
"https://scholar.google.com.sg/scholar?start=30&q=""""factorial+survey""""&hl=en&as_sdt=0,5&as_ylo=1994&as_yhi=1994""
",4
"https://scholar.google.com.sg/scholar?start=30&q=""""factorial+survey""""&hl=en&as_sdt=0,5&as_ylo=1994&as_yhi=1994""
",5
"https://scholar.google.com.sg/scholar?start=30&q=""""factorial+survey""""&hl=en&as_sdt=0,5&as_ylo=1994&as_yhi=1994""
",6
"https://scholar.google.com.sg/scholar?start=30&q=""""factorial+survey""""&hl=en&as_sdt=0,5&as_ylo=1994&as_yhi=1994""
",7
"https://scholar.google.com.sg/scholar?start=30&q=""""factorial+survey""""&hl=en&as_sdt=0,5&as_ylo=1994&as_yhi=1994""
",8
"https://scholar.google.com.sg/scholar?start=30&q=""""factorial+survey""""&hl=en&as_sdt=0,5&as_ylo=1994&as_yhi=1994""
",9
"https://scholar.google.com.sg/scholar?start=30&q=""""factorial+survey""""&hl=en&as_sdt=0,5&as_ylo=1994&as_yhi=1994""
",10
"https://scholar.google.com.sg/scholar?start=40&q=""""factorial+survey""""&hl=en&as_sdt=0,5&as_ylo=1994&as_yhi=1994""
",1
"https://scholar.google.com.sg/scholar?q=""""factorial+survey""""&hl=en&as_sdt=0%2C5&as_ylo=1995&as_yhi=1995""
",1
"https://scholar.google.com.sg/scholar?q=""""factorial+survey""""&hl=en&as_sdt=0%2C5&as_ylo=1995&as_yhi=1995""
",2
"https://scholar.google.com.sg/scholar?q=""""factorial+survey""""&hl=en&as_sdt=0%2C5&as_ylo=1995&as_yhi=1995""
",3
"https://scholar.google.com.sg/scholar?q=""""factorial+survey""""&hl=en&as_sdt=0%2C5&as_ylo=1995&as_yhi=1995""
",4
"https://scholar.google.com.sg/scholar?q=""""factorial+survey""""&hl=en&as_sdt=0%2C5&as_ylo=1995&as_yhi=1995""
",5
"https://scholar.google.com.sg/scholar?q=""""factorial+survey""""&hl=en&as_sdt=0%2C5&as_ylo=1995&as_yhi=1995""
",6
"https://scholar.google.com.sg/scholar?q=""""factorial+survey""""&hl=en&as_sdt=0%2C5&as_ylo=1995&as_yhi=1995""
",7
"https://scholar.google.com.sg/scholar?q=""""factorial+survey""""&hl=en&as_sdt=0%2C5&as_ylo=1995&as_yhi=1995""
",8
"https://scholar.google.com.sg/scholar?q=""""factorial+survey""""&hl=en&as_sdt=0%2C5&as_ylo=1995&as_yhi=1995""
",9
"https://scholar.google.com.sg/scholar?q=""""factorial+survey""""&hl=en&as_sdt=0%2C5&as_ylo=1995&as_yhi=1995""
",10
"https://scholar.google.com.sg/scholar?start=10&q=""""factorial+survey""""&hl=en&as_sdt=0,5&as_ylo=1995&as_yhi=1995""
",1
"https://scholar.google.com.sg/scholar?start=10&q=""""factorial+survey""""&hl=en&as_sdt=0,5&as_ylo=1995&as_yhi=1995""
",2
"https://scholar.google.com.sg/scholar?start=10&q=""""factorial+survey""""&hl=en&as_sdt=0,5&as_ylo=1995&as_yhi=1995""
",3
"https://scholar.google.com.sg/scholar?start=10&q=""""factorial+survey""""&hl=en&as_sdt=0,5&as_ylo=1995&as_yhi=1995""
",4
"https://scholar.google.com.sg/scholar?start=10&q=""""factorial+survey""""&hl=en&as_sdt=0,5&as_ylo=1995&as_yhi=1995""
",5
"https://scholar.google.com.sg/scholar?start=10&q=""""factorial+survey""""&hl=en&as_sdt=0,5&as_ylo=1995&as_yhi=1995""
",6
"https://scholar.google.com.sg/scholar?start=10&q=""""factorial+survey""""&hl=en&as_sdt=0,5&as_ylo=1995&as_yhi=1995""
",7
"https://scholar.google.com.sg/scholar?start=10&q=""""factorial+survey""""&hl=en&as_sdt=0,5&as_ylo=1995&as_yhi=1995""
",8
"https://scholar.google.com.sg/scholar?start=10&q=""""factorial+survey""""&hl=en&as_sdt=0,5&as_ylo=1995&as_yhi=1995""
",9
"https://scholar.google.com.sg/scholar?start=10&q=""""factorial+survey""""&hl=en&as_sdt=0,5&as_ylo=1995&as_yhi=1995""
",10
"https://scholar.google.com.sg/scholar?start=20&q=""""factorial+survey""""&hl=en&as_sdt=0,5&as_ylo=1995&as_yhi=1995""
",1
"https://scholar.google.com.sg/scholar?start=20&q=""""factorial+survey""""&hl=en&as_sdt=0,5&as_ylo=1995&as_yhi=1995""
",2
"https://scholar.google.com.sg/scholar?start=20&q=""""factorial+survey""""&hl=en&as_sdt=0,5&as_ylo=1995&as_yhi=1995""
",3
"https://scholar.google.com.sg/scholar?start=20&q=""""factorial+survey""""&hl=en&as_sdt=0,5&as_ylo=1995&as_yhi=1995""
",4
"https://scholar.google.com.sg/scholar?start=20&q=""""factorial+survey""""&hl=en&as_sdt=0,5&as_ylo=1995&as_yhi=1995""
",5
"https://scholar.google.com.sg/scholar?start=20&q=""""factorial+survey""""&hl=en&as_sdt=0,5&as_ylo=1995&as_yhi=1995""
",6
"https://scholar.google.com.sg/scholar?start=20&q=""""factorial+survey""""&hl=en&as_sdt=0,5&as_ylo=1995&as_yhi=1995""
",7
"https://scholar.google.com.sg/scholar?start=20&q=""""factorial+survey""""&hl=en&as_sdt=0,5&as_ylo=1995&as_yhi=1995""
",8
"https://scholar.google.com.sg/scholar?start=20&q=""""factorial+survey""""&hl=en&as_sdt=0,5&as_ylo=1995&as_yhi=1995""
",9
"https://scholar.google.com.sg/scholar?start=20&q=""""factorial+survey""""&hl=en&as_sdt=0,5&as_ylo=1995&as_yhi=1995""
",10
"https://scholar.google.com.sg/scholar?start=30&q=""""factorial+survey""""&hl=en&as_sdt=0,5&as_ylo=1995&as_yhi=1995""
",1
"https://scholar.google.com.sg/scholar?start=30&q=""""factorial+survey""""&hl=en&as_sdt=0,5&as_ylo=1995&as_yhi=1995""
",2
"https://scholar.google.com.sg/scholar?start=30&q=""""factorial+survey""""&hl=en&as_sdt=0,5&as_ylo=1995&as_yhi=1995""
",3
"https://scholar.google.com.sg/scholar?start=30&q=""""factorial+survey""""&hl=en&as_sdt=0,5&as_ylo=1995&as_yhi=1995""
",4
"https://scholar.google.com.sg/scholar?start=30&q=""""factorial+survey""""&hl=en&as_sdt=0,5&as_ylo=1995&as_yhi=1995""
",5
"https://scholar.google.com.sg/scholar?start=30&q=""""factorial+survey""""&hl=en&as_sdt=0,5&as_ylo=1995&as_yhi=1995""
",6
"https://scholar.google.com.sg/scholar?start=30&q=""""factorial+survey""""&hl=en&as_sdt=0,5&as_ylo=1995&as_yhi=1995""
",7
"https://scholar.google.com.sg/scholar?start=30&q=""""factorial+survey""""&hl=en&as_sdt=0,5&as_ylo=1995&as_yhi=1995""
",8
"https://scholar.google.com.sg/scholar?start=30&q=""""factorial+survey""""&hl=en&as_sdt=0,5&as_ylo=1995&as_yhi=1995""
",9
"https://scholar.google.com.sg/scholar?start=30&q=""""factorial+survey""""&hl=en&as_sdt=0,5&as_ylo=1995&as_yhi=1995""
",10
"https://scholar.google.com.sg/scholar?start=40&q=""""factorial+survey""""&hl=en&as_sdt=0,5&as_ylo=1995&as_yhi=1995""
",1
"https://scholar.google.com.sg/scholar?start=40&q=""""factorial+survey""""&hl=en&as_sdt=0,5&as_ylo=1995&as_yhi=1995""
",2
"https://scholar.google.com.sg/scholar?start=40&q=""""factorial+survey""""&hl=en&as_sdt=0,5&as_ylo=1995&as_yhi=1995""
",3
"https://scholar.google.com.sg/scholar?start=40&q=""""factorial+survey""""&hl=en&as_sdt=0,5&as_ylo=1995&as_yhi=1995""
",4
"https://scholar.google.com.sg/scholar?start=40&q=""""factorial+survey""""&hl=en&as_sdt=0,5&as_ylo=1995&as_yhi=1995""
",5
"https://scholar.google.com.sg/scholar?start=40&q=""""factorial+survey""""&hl=en&as_sdt=0,5&as_ylo=1995&as_yhi=1995""
",6
"https://scholar.google.com.sg/scholar?start=40&q=""""factorial+survey""""&hl=en&as_sdt=0,5&as_ylo=1995&as_yhi=1995""
",7
"https://scholar.google.com.sg/scholar?start=40&q=""""factorial+survey""""&hl=en&as_sdt=0,5&as_ylo=1995&as_yhi=1995""
",8
"https://scholar.google.com.sg/scholar?start=40&q=""""factorial+survey""""&hl=en&as_sdt=0,5&as_ylo=1995&as_yhi=1995""
",9